filename,label
01599_crop_1.jpg,AD-*425*WR
00222_crop_1.jpg,AD-899*C*R
00672_crop_1.jpg,AD-01*0*GC
01960_crop_1.jpg,AD-52*4*SC
00388_crop_1.jpg,AN-57*4JN*
00367_crop_1.jpg,AN-0*00*FB
01126_crop_1.jpg,DD-191*LR*
01258_crop_1.jpg,AD-*760*NM
00449_crop_1.jpg,AN-*007C*S
00449_crop_2.jpg,AN-043*C*K
00625_crop_1.jpg,AD-93*3B*P
01937_crop_1.jpg,BD-85*4K*M
00275_crop_1.jpg,AD-19*3KX*
01034_crop_1.jpg,AD-2*32*ND
01464_crop_1.jpg,AD-*881L*Y
01464_crop_2.jpg,AD-08*6B*S
01171_crop_1.jpg,AD-5*00*PZ
01171_crop_2.jpg,AD-797**VZ
01171_crop_3.jpg,AD-44*9KY*
01872_crop_1.jpg,AD-198**RX
00330_crop_1.jpg,AD-25*3LV*
00849_crop_1.jpg,DD-62*6*DF
01188_crop_1.jpg,AD-501*GZ*
01188_crop_2.jpg,AD-00*4*XR
00633_crop_1.jpg,AD-64*3*BZ
00633_crop_2.jpg,AD-GC419**
01537_crop_1.jpg,AD-79*2KX*
01649_crop_1.jpg,AD-16*5*JR
01649_crop_2.jpg,AD-60*0*TB
01219_crop_1.jpg,AD-3*48*DP
00058_crop_1.jpg,AD-92*2*ST
00664_crop_1.jpg,AD-158*C*G
00234_crop_1.jpg,AD-M45*5*V
01075_crop_1.jpg,AD-99*8*NN
01075_crop_2.jpg,AD-19*8GB*
01075_crop_3.jpg,AD-53*2*HW
01130_crop_1.jpg,AD-343*LV*
01833_crop_1.jpg,AD-513*LT*
01833_crop_2.jpg,AD-19*8D*S
00721_crop_1.jpg,AD-01*5D*L
00536_crop_1.jpg,AN-50*1KR*
01777_crop_1.jpg,AD-819**KY
00865_crop_1.jpg,AD-*732*DB
01327_crop_1.jpg,AD-97*2JT*
00920_crop_1.jpg,AD-991**MR
01262_crop_1.jpg,AD-*360*MB
00023_crop_1.jpg,AD-0*54*PX
00473_crop_1.jpg,AN-*430*SY
01848_crop_1.jpg,AD-99*1*GP
00832_crop_1.jpg,AD-899**YB
00561_crop_1.jpg,AD-*638JY*
00561_crop_2.jpg,AD-649**XS
00561_crop_3.jpg,AD-6*36*NT
00561_crop_4.jpg,AD-78*0C*Z
00131_crop_1.jpg,AD-22*7*CL
00131_crop_2.jpg,AD-0*66*RF
00424_crop_1.jpg,AN-*661*XM
00074_crop_1.jpg,AD-977*KP*
00074_crop_2.jpg,AD-342*J*V
00977_crop_1.jpg,AD-B561*T*
00977_crop_2.jpg,AD-04*3J*T
00977_crop_3.jpg,AD-47*4*MC
00977_crop_4.jpg,AD-19*7*WP
01059_crop_1.jpg,AD-4*32*VS
01059_crop_2.jpg,AD-6*71*TN
00648_crop_1.jpg,AD-96*4KY*
01366_crop_1.jpg,AD-41*4*HD
01389_crop_1.jpg,AD-50*4*VX
01223_crop_1.jpg,AD-40*1*SF
00598_crop_1.jpg,AD-6*85*DY
00432_crop_1.jpg,AN-20*8*SF
01331_crop_1.jpg,AD-4*48LN*
00520_crop_1.jpg,AN-85*8F*P
00170_crop_2.jpg,AD-*300LV*
00170_crop_3.jpg,AD-189**XZ
00465_crop_1.jpg,AN-564*C*S
01274_crop_1.jpg,AD-*655KS*
01274_crop_2.jpg,AD-0*66*VW
01624_crop_1.jpg,AD-4*43L*S
01018_crop_1.jpg,AD-*113DZ*
00259_crop_1.jpg,AD-*131*WM
00259_crop_2.jpg,AD-*993*CV
00259_crop_3.jpg,AD-129*F*T
00609_crop_1.jpg,AD-0*53*DM
01080_crop_1.jpg,AD-0*33JY*
01080_crop_2.jpg,AD-816*KZ*
00042_crop_1.jpg,AD-71*1*SW
00412_crop_1.jpg,AN-115**CB
00107_crop_1.jpg,AN-M94*0W*
00557_crop_1.jpg,AD-789*C*Z
00557_crop_2.jpg,AD-05*9*BF
00557_crop_3.jpg,AD-28*3GV*
01716_crop_1.jpg,AD-*252DW*
01346_crop_1.jpg,AD-2*44*GN
01468_crop_1.jpg,AD-87*2*BC
01192_crop_1.jpg,AD-740**VC
01038_crop_1.jpg,AD-379*FY*
00279_crop_1.jpg,AN-M*222Y*
00783_crop_1.jpg,DD-238*L*N
01891_crop_1.jpg,AD-864**MM
00629_crop_1.jpg,AD-84*0*VX
00629_crop_2.jpg,AD-35*4*DZ
00629_crop_3.jpg,AD-57*7*MW
00629_crop_4.jpg,AD-72*7FF*
00629_crop_5.jpg,AD-929*HZ*
00629_crop_6.jpg,AD-78*1*DC
00916_crop_1.jpg,AD-3*51*WG
01604_crop_1.jpg,AD-019**BX
01311_crop_1.jpg,AD-677*LV*
00853_crop_1.jpg,AD-12*2J*J
00853_crop_2.jpg,AD-1*36*KZ
00500_crop_1.jpg,AN-*099J*W
00150_crop_1.jpg,AD-8*07*SX
01887_crop_1.jpg,AD-3*84GZ*
00795_crop_1.jpg,AD-*479LK*
00795_crop_2.jpg,AD-785*H*B
01184_crop_1.jpg,AD-60*7G*F
01491_crop_1.jpg,AD-69*3*CM
01868_crop_1.jpg,AD-11*6*KD
00280_crop_1.jpg,AD-34*1*JD
00003_crop_1.jpg,DN-01*3*TD
00003_crop_2.jpg,AN-874**HP
00516_crop_1.jpg,AN-40*6*NV
00845_crop_1.jpg,AD-31*9KW*
01429_crop_1.jpg,AD-3*16*VY
01583_crop_1.jpg,AD-439*KW*
00238_crop_1.jpg,AD-18*4*NZ
00392_crop_1.jpg,AN-637**SY
00392_crop_2.jpg,AN-99*2*NS
00687_crop_1.jpg,AD-NA369*B*
00404_crop_1.jpg,AN-727*H*W
00404_crop_2.jpg,AN-103**PK
00054_crop_1.jpg,AD-6*41C*R
01350_crop_1.jpg,AD-44*1LR*
01350_crop_2.jpg,AD-564**JR
01700_crop_1.jpg,AD-*036DB*
00812_crop_1.jpg,AD-43*2J*F
00541_crop_1.jpg,AN-48*0JZ*
00111_crop_1.jpg,AD-8*21G*T
00111_crop_2.jpg,AD-12*5*HT
00111_crop_3.jpg,AD-22*5G*N
01147_crop_1.jpg,AD-828**NH
01452_crop_1.jpg,AD-61*1L*L
01002_crop_1.jpg,AD-3*33*HR
00243_crop_1.jpg,AD-9*78*WM
01901_crop_1.jpg,AD-37*3DJ*
00613_crop_1.jpg,AD-577**XP
00869_crop_1.jpg,AD-90*3*HS
01281_crop_1.jpg,AD-22*6*NW
00490_crop_1.jpg,AN-656**KM
01110_crop_1.jpg,AD-56*1*TN
01813_crop_1.jpg,AD-272**DJ
00701_crop_1.jpg,AD-4*22LV*
00351_crop_1.jpg,AN-29*3*XX
00351_crop_2.jpg,AN-44*3*PY
01956_crop_1.jpg,AD-9*00*YV
01055_crop_1.jpg,AD-442*JG*
01405_crop_1.jpg,AD-795*J*M
00097_crop_1.jpg,AD-67*7*BT
01393_crop_1.jpg,AD-555**LZ
01239_crop_1.jpg,AD-015*JW*
00078_crop_1.jpg,AD-62*2*CX
00078_crop_2.jpg,AD-98*8B*C
00078_crop_3.jpg,AD-97*2F*C
00582_crop_1.jpg,AD-88*0*CM
00428_crop_1.jpg,AN-6*64*CB
00347_crop_1.jpg,AN-67*0*ZW
01805_crop_1.jpg,AD-18*3*SX
01106_crop_1.jpg,AD-00*4*CB
01413_crop_2.jpg,AD-979**RT
00202_crop_1.jpg,AD-585*C*N
00652_crop_1.jpg,AD-89*9H*V
00652_crop_2.jpg,AD-1*90F*W
01940_crop_1.jpg,AD-233**RW
00982_crop_1.jpg,AD-685**DP
00982_crop_2.jpg,AD-S572*A*
00828_crop_1.jpg,AD-9*38H*F
00594_crop_1.jpg,AD-505**WW
01385_crop_1.jpg,AD-47*4H*J
01501_crop_1.jpg,AD-04*0*YD
01501_crop_2.jpg,AD-118*LN*
01852_crop_1.jpg,AD-35*0L*P
00605_crop_1.jpg,AD-4*70K*V
00605_crop_2.jpg,AD-624*GX*
01917_crop_1.jpg,AD-098**WY
00255_crop_1.jpg,AD-3*04DL*
00255_crop_2.jpg,AD-51*5*FX
01014_crop_1.jpg,AD-079**NH
01444_crop_1.jpg,AD-71*7LR*
00486_crop_1.jpg,AN-694*L*V
01297_crop_1.jpg,AD-0*00*DM
01628_crop_1.jpg,AD-*176KP*
01278_crop_1.jpg,AD-09*4JY*
00890_crop_1.jpg,AD-84*4LV*
00469_crop_1.jpg,AN-43*4*NZ
00193_crop_1.jpg,AD-109*C*Y
00487_crop_1.jpg,AN-98*8K*K
01296_crop_1.jpg,AD-314**CV
01279_crop_1.jpg,AD-0*00GT*
00891_crop_1.jpg,AD-10*1*DG
00468_crop_1.jpg,AN-26*5*FJ
00192_crop_1.jpg,AD-16*6*BF
01853_crop_1.jpg,AD-*110GF*
00604_crop_1.jpg,AD-8*17*TX
00604_crop_2.jpg,AD-M40*4V*
00604_crop_3.jpg,AD-4*70K*V
01916_crop_1.jpg,AD-49*3*BG
00254_crop_1.jpg,AD-64*1*PP
00254_crop_2.jpg,AD-3*04DL*
01015_crop_1.jpg,AD-3*18LT*
00983_crop_1.jpg,AN-254**RG
00983_crop_2.jpg,AD-5*88LL*
00829_crop_1.jpg,AD-43*6K*K
00080_crop_1.jpg,AD-*303*NT
00595_crop_1.jpg,AD-096**RC
00346_crop_1.jpg,AD-881**WZ
01107_crop_1.jpg,AD-508*JY*
01412_crop_1.jpg,AD-979**RT
01042_crop_1.jpg,AD-566*JZ*
00203_crop_1.jpg,AD-5*25*FJ
00653_crop_1.jpg,AD-1*90F*W
00096_crop_1.jpg,AD-441**WN
01392_crop_1.jpg,AD-2*53HW*
00079_crop_1.jpg,AD-1*25*RM
00079_crop_2.jpg,AD-67*2*WW
00079_crop_3.jpg,AD-098**WY
00079_crop_4.jpg,AD-6*26*DN
01111_crop_1.jpg,AD-053**CJ
01111_crop_2.jpg,AD-*575LP*
01541_crop_1.jpg,AD-2*25JB*
00350_crop_1.jpg,AN-255*CM*
00350_crop_2.jpg,AN-29*3*XX
01957_crop_1.jpg,AD-060**FY
00645_crop_1.jpg,AD-8*08K*V
00645_crop_2.jpg,AD-78*2BJ*
00645_crop_3.jpg,AD-655*BW*
00645_crop_4.jpg,AD-M25*2*Y
01054_crop_1.jpg,AD-877*LS*
00868_crop_1.jpg,AD-65*3JX*
01280_crop_1.jpg,AD-96*6JW*
00491_crop_1.jpg,AN-959*K*P
00491_crop_2.jpg,AN-136**WZ
00184_crop_1.jpg,AD-28*4*WP
01795_crop_1.jpg,AD-69*3*CR
00887_crop_1.jpg,AD-868**CC
00307_crop_1.jpg,AN-597**DD
00307_crop_2.jpg,AN-21*1*WC
01845_crop_1.jpg,AD-770**BL
00757_crop_1.jpg,AD-28*0GT*
01516_crop_1.jpg,AD-896*BT*
01453_crop_1.jpg,AD-751*HV*
01900_crop_1.jpg,AD-531**VG
00612_crop_1.jpg,AD-677**BN
00055_crop_1.jpg,AD-7*74FD*
00055_crop_2.jpg,AD-08*0LP*
01644_crop_1.jpg,AD-6*00C*C
00956_crop_1.jpg,AD-727**DF
00540_crop_1.jpg,AN-22*1*YW
00110_crop_1.jpg,AD-49*9KW*
01078_crop_1.jpg,AD-01*4GX*
00239_crop_1.jpg,AD-178*B*N
00686_crop_1.jpg,AD-6*10*HN
00686_crop_2.jpg,BD-710**VG
01613_crop_2.jpg,AD-04*4GP*
01243_crop_1.jpg,AD-20*1FZ*
00002_crop_1.jpg,AN-*385*MW
00002_crop_2.jpg,AN-38*3*PV
00147_crop_1.jpg,AD-40*6CZ*
01756_crop_1.jpg,AD-667**YC
00794_crop_1.jpg,AD-32*3*MT
01185_crop_1.jpg,AD-25*5*JH
00281_crop_1.jpg,AD-505**PB
00444_crop_1.jpg,AN-268*LS*
01255_crop_1.jpg,AD-05*6DZ*
01255_crop_2.jpg,AD-41*5*NN
01605_crop_1.jpg,AD-866**HV
01310_crop_1.jpg,AD-60*3KV*
00852_crop_1.jpg,AD-12*2J*J
00852_crop_2.jpg,AD-849*LL*
00501_crop_1.jpg,AN-05*3*XP
01469_crop_1.jpg,AD-*808LT*
01193_crop_1.jpg,AD-3*12KX*
00278_crop_1.jpg,AD-84*9*YS
00782_crop_1.jpg,DD-238*L*N
01890_crop_1.jpg,AD-603*JP*
01890_crop_2.jpg,AD-M636*Z*
00628_crop_1.jpg,AD-57*7*MW
00628_crop_2.jpg,AD-24*1*DW
00628_crop_3.jpg,AD-445**WR
00628_crop_4.jpg,AD-*868*TV
00297_crop_1.jpg,AD-595*CC*
01486_crop_1.jpg,AD-526*FC*
00940_crop_1.jpg,AD-2*81DX*
01652_crop_1.jpg,AD-66*8*CR
00413_crop_1.jpg,AN-M01*3U*
00106_crop_1.jpg,AD-00*1*DM
00556_crop_1.jpg,AD-9*49*MZ
00556_crop_2.jpg,AD-21*1*RG
00805_crop_1.jpg,AD-243*LL*
01347_crop_1.jpg,AD-743*K*J
00385_crop_1.jpg,AN-42*2B*Y
01081_crop_1.jpg,AD-72*1*LZ
00690_crop_1.jpg,AD-9*99C*F
01449_crop_1.jpg,AD-352**VP
00258_crop_1.jpg,AD-095**TB
00258_crop_2.jpg,AD-14*1*PG
00258_crop_3.jpg,AD-2*55*CL
00608_crop_1.jpg,AD-187**TN
01330_crop_1.jpg,AD-57*5J*P
00872_crop_1.jpg,AD-77*0*CN
01760_crop_1.jpg,AD-988*DR*
00521_crop_1.jpg,AN-82*4GY*
00171_crop_1.jpg,AD-189**XZ
00464_crop_1.jpg,AN-44*2GW*
00034_crop_1.jpg,AD-948**FC
00937_crop_1.jpg,AD-75*2*TP
00126_crop_1.jpg,AD-03*0KZ*
00825_crop_1.jpg,AD-9*38H*F
00960_crop_1.jpg,AN-96*9*BM
01388_crop_1.jpg,AD-6*05KW*
01222_crop_1.jpg,AD-M80*5*L
00063_crop_1.jpg,AD-2*52*GV
00433_crop_1.jpg,AN-1*58*DP
01408_crop_1.jpg,AD-*757JX*
01058_crop_1.jpg,AD-*762J*G
01058_crop_2.jpg,AD-4*32*VS
00219_crop_1.jpg,AD-5*35*GD
00999_crop_1.jpg,AD-798*KY*
00833_crop_1.jpg,AD-347*JZ*
00130_crop_1.jpg,AD-676*L*M
01664_crop_1.jpg,AD-441*KT*
01664_crop_2.jpg,AD-9*18*WV
00537_crop_1.jpg,AN-*986B*W
01776_crop_1.jpg,AD-357**CR
01633_crop_1.jpg,AD-*768KZ*
01633_crop_2.jpg,AD-29*3*RT
00921_crop_1.jpg,AD-33*2*HS
01263_crop_1.jpg,AD-96*6*KY
00472_crop_1.jpg,BN-0*31KS*
00665_crop_1.jpg,AD-8*33*RV
00235_crop_1.jpg,AD-615**XR
01074_crop_1.jpg,AD-747*GS*
01131_crop_1.jpg,AD-1*56*CW
01561_crop_1.jpg,AD-*428*HC
00720_crop_1.jpg,AD-*638*SN
00720_crop_2.jpg,AD-7*16BY*
00370_crop_1.jpg,AN-M116*P*
01218_crop_1.jpg,AD-06*8*RV
00059_crop_1.jpg,AD-52*4K*W
00409_crop_1.jpg,AN-242*J*D
01473_crop_1.jpg,AD-471**XN
01189_crop_1.jpg,AD-9*68*BF
01189_crop_2.jpg,AD-4*01*DT
01023_crop_1.jpg,AD-20*9*KZ
01023_crop_2.jpg,AD-707*K*X
00262_crop_1.jpg,AD-276*KW*
00632_crop_1.jpg,AD-91*9*RD
01536_crop_1.jpg,AD-252**SV
01166_crop_1.jpg,AD-M278**T
01936_crop_1.jpg,AD-841*BN*
00274_crop_1.jpg,AD-013**XY
01035_crop_1.jpg,AD-8*02*FM
00331_crop_1.jpg,AD-524**TB
01609_crop_1.jpg,AD-8*18HT*
01259_crop_1.jpg,AD-666**HN
00448_crop_1.jpg,AN-*007C*S
00448_crop_2.jpg,AN-409**DH
01432_crop_1.jpg,AD-49*0*HN
01062_crop_1.jpg,AD-335*HY*
00673_crop_1.jpg,AD-01*0*GC
00673_crop_2.jpg,AD-*088BY*
01961_crop_1.jpg,AD-M6*34*U
00389_crop_1.jpg,AN-7*29K*M
00389_crop_2.jpg,AN-61*7*DX
00366_crop_1.jpg,AD-95*0*FT
01824_crop_1.jpg,AD-2*24KT*
01577_crop_1.jpg,AD-158**RP
01577_crop_2.jpg,AD-699*FT*
00678_crop_1.jpg,AD-*864*GG
00678_crop_2.jpg,AD-7*00*FR
00678_crop_3.jpg,AD-1*19FM*
00678_crop_4.jpg,AD-317*DS*
00678_crop_5.jpg,AD-73*3JY*
00678_crop_6.jpg,AD-76*1*WX
00228_crop_1.jpg,AD-*035*HP
00697_crop_1.jpg,AD-478**FN
00044_crop_1.jpg,AD-550*K*J
00044_crop_2.jpg,AD-7*97*PV
00044_crop_3.jpg,AD-75*8*HV
00947_crop_1.jpg,AN-4*36*TZ
01205_crop_1.jpg,AD-*261KR*
01205_crop_2.jpg,AD-63*3*WW
00802_crop_1.jpg,AD-M34*4Y*
01340_crop_1.jpg,AD-M905*Z*
00551_crop_1.jpg,AD-322**CR
00551_crop_2.jpg,AD-6*83H*C
00551_crop_3.jpg,AD-463*DT*
00785_crop_1.jpg,AD-477**BG
00785_crop_2.jpg,AD-*877LN*
01897_crop_1.jpg,DD-294*L*L
01194_crop_1.jpg,AD-04*0*FC
01878_crop_1.jpg,AD-333*FZ*
01252_crop_1.jpg,AD-224**DV
00013_crop_1.jpg,BN-68*1LT*
00506_crop_1.jpg,AN-67*9*RV
00156_crop_1.jpg,AD-19*7*NV
01317_crop_1.jpg,AD-85*4*HH
01028_crop_1.jpg,AD-707*K*X
01028_crop_2.jpg,AD-721*H*M
01478_crop_1.jpg,AD-7*77L*K
00639_crop_1.jpg,AD-33*6*RZ
00639_crop_2.jpg,AD-84*4F*H
00639_crop_3.jpg,AD-86*3*DS
00639_crop_4.jpg,AD-467**TY
00269_crop_1.jpg,AD-6*19H*L
01881_crop_1.jpg,AD-24*3*PM
00793_crop_1.jpg,AD-90*2*MX
00286_crop_1.jpg,AD-322**MC
01497_crop_1.jpg,AD-*586*JW
01497_crop_2.jpg,AD-118*LN*
00005_crop_1.jpg,AN-874**HP
00455_crop_1.jpg,AN-46*4FB*
00906_crop_1.jpg,AD-0*06K*X
01751_crop_1.jpg,AD-19*3L*M
00843_crop_1.jpg,AD-*995*ZD
00843_crop_2.jpg,AD-909**FY
00140_crop_1.jpg,AD-47*3F*X
00394_crop_1.jpg,AN-7*28*GX
00681_crop_1.jpg,AD-99*1*NW
00681_crop_2.jpg,AD-55*4*CN
00681_crop_3.jpg,AD-7*15*SZ
00681_crop_4.jpg,AD-65*0*CG
00681_crop_5.jpg,AD-66*1*FW
01839_crop_1.jpg,AD-988**JN
01839_crop_2.jpg,AD-280*J*S
01213_crop_1.jpg,AD-0*03DC*
01643_crop_1.jpg,AD-948*LV*
00951_crop_1.jpg,AN-989**CV
00402_crop_1.jpg,AN-812*KZ*
00402_crop_2.jpg,AN-58*0FP*
00052_crop_1.jpg,AD-19*3*RZ
00547_crop_1.jpg,AD-60*7*VV
00117_crop_1.jpg,AD-126**NN
01141_crop_1.jpg,AD-164**DP
01842_crop_1.jpg,AD-2*04*SS
00245_crop_1.jpg,AD-688*F*Y
00496_crop_1.jpg,AN-16*4*YS
00496_crop_2.jpg,AN-TO747*A*
01268_crop_1.jpg,AD-45*6HP*
00880_crop_1.jpg,AD-654*LV*
00183_crop_1.jpg,AD-*833F*N
00029_crop_1.jpg,AD-0*10*LV
00029_crop_2.jpg,AD-274**KC
00029_crop_3.jpg,AD-*897JY*
00707_crop_1.jpg,AD-TO68*4A*
00357_crop_1.jpg,AD-729**HJ
01116_crop_1.jpg,AD-212**MR
00642_crop_1.jpg,AD-03*4*FN
00642_crop_2.jpg,AD-40*9D*S
00642_crop_3.jpg,AD-81*7*MR
00642_crop_4.jpg,AD-07*7*BS
00212_crop_1.jpg,AN-932**NR
00838_crop_1.jpg,AD-0*12K*P
00992_crop_1.jpg,AD-17*2*MR
00992_crop_2.jpg,AD-59*7J*J
00992_crop_3.jpg,AD-M*543Y*
00584_crop_1.jpg,AD-3*19K*P
01550_crop_1.jpg,AD-6*22J*B
01100_crop_1.jpg,ED-R22*2B*V
01100_crop_2.jpg,AD-94*7BM*
00341_crop_1.jpg,AD-91*0*SD
01946_crop_1.jpg,AD-*086*FH
01415_crop_2.jpg,AD-BR0*0*S
01045_crop_1.jpg,AD-0*23*WM
01045_crop_2.jpg,AD-27*7C*Z
00087_crop_1.jpg,AD-676*L*M
00984_crop_1.jpg,AD-94*1*NR
00984_crop_2.jpg,AD-2*68*PY
00984_crop_3.jpg,AD-729*JM*
01383_crop_1.jpg,AD-015**JW
01383_crop_2.jpg,AD-66*8*MB
00438_crop_1.jpg,AN-279*FR*
00068_crop_1.jpg,AD-330**NJ
00592_crop_1.jpg,AD-9*55MT*
00592_crop_2.jpg,AD-22*2*DY
00592_crop_3.jpg,AD-99*9*DV
00592_crop_4.jpg,AD-*999*YM
00592_crop_5.jpg,AD-748*DB*
00746_crop_1.jpg,AN-003*K*P
00316_crop_1.jpg,AD-545**HG
01157_crop_1.jpg,AD-31*0*ZS
01507_crop_1.jpg,AD-76*7*NY
01012_crop_1.jpg,AD-965**NR
01012_crop_2.jpg,AD-0*88*DN
01012_crop_3.jpg,AD-225*HZ*
01012_crop_4.jpg,AD-929**DG
01012_crop_5.jpg,AD-342*KN*
01442_crop_1.jpg,AD-*099K*M
00603_crop_1.jpg,AD-416**XX
01911_crop_1.jpg,AD-86*4HW*
00253_crop_1.jpg,AD-88*7*FR
00253_crop_2.jpg,AD-64*1*PP
00253_crop_3.jpg,AD-3*04DL*
01291_crop_1.jpg,AD-82*1*WY
00480_crop_1.jpg,AN-97*7*CY
00480_crop_2.jpg,AN-245**BY
00480_crop_3.jpg,AN-737**YN
00195_crop_1.jpg,AD-173**SM
00896_crop_1.jpg,AD-6*74FT*
00418_crop_1.jpg,AN-10*8HV*
00048_crop_1.jpg,AD-316**VX
00224_crop_1.jpg,AD-*043B*S
01966_crop_1.jpg,BD-16*5HX*
01570_crop_1.jpg,AD-44*4*PY
01120_crop_1.jpg,AD-25*4JP*
00361_crop_1.jpg,AD-3*84*CG
00731_crop_1.jpg,AN-16*7*NS
01032_crop_1.jpg,AD-95*0LN*
01462_crop_1.jpg,AD-*881L*Y
01462_crop_2.jpg,AD-5*05*CJ
01198_crop_1.jpg,AD-06*0*RW
01931_crop_1.jpg,AD-879**BG
00273_crop_1.jpg,AD-899**ZT
00789_crop_1.jpg,AD-1*18*YM
00766_crop_1.jpg,AD-70*0*GM
01874_crop_1.jpg,AD-0*04*YN
00336_crop_1.jpg,AD-*999*VX
00336_crop_2.jpg,AD-0*06*TN
01177_crop_1.jpg,AD-M64*2Y*
01527_crop_1.jpg,AD-44*6JY*
01527_crop_2.jpg,AD-83*8J*G
01618_crop_1.jpg,AD-759*DW*
00459_crop_1.jpg,AN-384*KV*
00265_crop_1.jpg,AD-305**VP
01927_crop_1.jpg,AD-27*4*TM
00635_crop_1.jpg,AD-737*HY*
00635_crop_2.jpg,AD-96*1CB*
01024_crop_1.jpg,AD-04*2*JP
01161_crop_1.jpg,AD-626*L*L
00770_crop_1.jpg,AD-2*78*SV
00398_crop_1.jpg,AN-7*17*ZR
00232_crop_1.jpg,AD-50*2*PG
01835_crop_1.jpg,AD-756**GS
00727_crop_1.jpg,AN-060**NT
00377_crop_1.jpg,BN-237**ND
01136_crop_1.jpg,AD-776*KP*
01771_crop_1.jpg,AD-44*7*JH
01321_crop_1.jpg,AD-336**PN
00160_crop_1.jpg,AD-26*2GZ*
00530_crop_1.jpg,AN-186**MS
01634_crop_1.jpg,AD-9*19KY*
01264_crop_1.jpg,AD-11*8*JW
01008_crop_1.jpg,AD-965**NR
00619_crop_1.jpg,AD-82*8*TB
00619_crop_2.jpg,AD-556*H*Y
00249_crop_1.jpg,AD-19*0DW*
00137_crop_1.jpg,AD-6*65*DV
00137_crop_2.jpg,AD-3*25*GP
01233_crop_1.jpg,AD-18*8*MF
01663_crop_1.jpg,AD-*356*RJ
00971_crop_1.jpg,AN-9*96K*V
01399_crop_1.jpg,AD-052*FX*
00422_crop_1.jpg,AN-37*9*DX
00072_crop_1.jpg,AD-907**CV
01819_crop_1.jpg,AD-2*06H*Z
00822_crop_1.jpg,AD-90*9J*X
00121_crop_1.jpg,AD-792**WW
00064_crop_1.jpg,AD-151**ZY
01419_crop_1.jpg,AD-55*0K*P
00658_crop_1.jpg,AD-09*8K*W
00658_crop_2.jpg,AD-63*0LJ*
00176_crop_1.jpg,AD-*876K*X
00176_crop_2.jpg,AD-59*1CC*
00176_crop_3.jpg,AD-84*0*VX
00176_crop_4.jpg,AD-65*3JH*
01272_crop_1.jpg,AD-*797*HP
01272_crop_2.jpg,AD-959**BB
01788_crop_1.jpg,AD-2*78*RV
00463_crop_1.jpg,AN-010*GX*
00199_crop_1.jpg,AD-676**RB
00199_crop_2.jpg,AD-*651HY*
00033_crop_1.jpg,AD-23*6KZ*
01859_crop_1.jpg,AD-023*C*R
00527_crop_1.jpg,AN-632**PT
00874_crop_1.jpg,AD-4*48*XT
00874_crop_2.jpg,AD-5*29B*T
01789_crop_1.jpg,AD-926**JY
00931_crop_1.jpg,AD-*187J*Y
00198_crop_1.jpg,AD-6*59D*D
01048_crop_1.jpg,AD-83*7HR*
01048_crop_2.jpg,BD-35*1*DX
00823_crop_1.jpg,AD-80*1FV*
01361_crop_1.jpg,AD-702*K*V
00989_crop_1.jpg,AD-684**VV
00989_crop_2.jpg,AD-630*F*N
00570_crop_1.jpg,AD-525**SV
00065_crop_1.jpg,AD-55*5*XV
01224_crop_1.jpg,AD-773**FS
01224_crop_2.jpg,AD-594**RM
00566_crop_1.jpg,AD-47*8GT*
00566_crop_2.jpg,AD-*215FY*
00566_crop_3.jpg,AD-50*2*PB
00566_crop_4.jpg,AD-82*3BR*
00136_crop_1.jpg,AD-6*65*DV
00835_crop_1.jpg,AD-251**XM
01232_crop_1.jpg,AD-99*8*WS
00970_crop_1.jpg,AN-5*44*MZ
00423_crop_1.jpg,EN-R255*BC*
00423_crop_2.jpg,AN-1*88GN*
00073_crop_1.jpg,AD-72*3*PV
00618_crop_1.jpg,AD-556*H*Y
00248_crop_1.jpg,AD-M4*99U*
01770_crop_1.jpg,AD-79*5*SW
00862_crop_1.jpg,AD-3*65*YR
01320_crop_1.jpg,AD-27*2*CS
00161_crop_1.jpg,AD-03*7*TD
00474_crop_1.jpg,AN-*088*CG
01635_crop_1.jpg,AD-*769*WV
00927_crop_1.jpg,AD-59*0*BJ
01265_crop_1.jpg,AD-414**FY
01072_crop_1.jpg,AD-0*57D*T
01588_crop_1.jpg,AD-221**NW
01422_crop_1.jpg,AD-504**CV
01971_crop_1.jpg,AD-77*1D*M
00233_crop_1.jpg,AD-971*JX*
00233_crop_2.jpg,AD-585*C*N
01834_crop_1.jpg,AD-373**PB
01137_crop_1.jpg,AD-477*HZ*
00819_crop_1.jpg,AD-M47*0V*
00264_crop_1.jpg,AD-50*3*YM
01926_crop_1.jpg,AD-31*3*BW
00634_crop_1.jpg,AD-111**CX
01475_crop_1.jpg,AD-49*8*YY
01025_crop_1.jpg,AD-475*JT*
01025_crop_2.jpg,AD-04*2*JP
01025_crop_3.jpg,AD-707*K*X
01160_crop_1.jpg,AD-799*KV*
00321_crop_1.jpg,AD-19*3*ZZ
01249_crop_1.jpg,AD-*797*HP
00008_crop_1.jpg,AN-3*24*HW
01033_crop_1.jpg,AD-125**FN
01463_crop_1.jpg,AD-*881L*Y
01463_crop_2.jpg,AD-290*J*B
01199_crop_1.jpg,AD-86*1*HF
00622_crop_1.jpg,AD-46*4*ZC
00622_crop_2.jpg,AD-89*0B*S
00622_crop_3.jpg,AD-843*DY*
00622_crop_4.jpg,AD-*015*RT
01930_crop_1.jpg,AD-8*41*NB
00272_crop_1.jpg,AD-39*4D*R
00788_crop_1.jpg,AD-369**MS
00767_crop_1.jpg,AD-248*J*B
01875_crop_1.jpg,AD-387**BG
01176_crop_1.jpg,AD-92*1JX*
01526_crop_1.jpg,AD-*315*PY
00858_crop_1.jpg,AD-63*1*CW
00225_crop_1.jpg,AD-01*9J*Y
00675_crop_1.jpg,AD-70*4B*M
00675_crop_2.jpg,AD-0*40FY*
00675_crop_3.jpg,AD-734*CB*
00675_crop_4.jpg,AD-13*8FZ*
01967_crop_1.jpg,AD-477**DZ
01064_crop_1.jpg,AD-39*3*FK
00360_crop_1.jpg,AD-821**BC
00730_crop_1.jpg,AN-45*1*SW
01822_crop_1.jpg,AD-J6*06A*
00419_crop_1.jpg,AN-J21*4A*
00049_crop_1.jpg,AD-85*1B*D
00878_crop_1.jpg,AD-654*LV*
01290_crop_1.jpg,AD-028*GZ*
00481_crop_1.jpg,AN-15*8C*S
00481_crop_2.jpg,AN-737**YN
00194_crop_1.jpg,AD-278*H*H
01785_crop_1.jpg,AD-876**SB
01855_crop_1.jpg,AD-244**PP
00317_crop_1.jpg,AD-103**HN
01506_crop_1.jpg,AD-*818*MD
01443_crop_1.jpg,AD-95*0*JD
01443_crop_2.jpg,AD-40*2*MB
00252_crop_1.jpg,AD-7*36DH*
00252_crop_2.jpg,AD-06*5DZ*
00252_crop_3.jpg,AD-88*7*FR
00086_crop_1.jpg,AD-25*2GX*
00086_crop_2.jpg,AD-676*L*M
00985_crop_1.jpg,AD-03*4DP*
00985_crop_2.jpg,AD-298**MX
00985_crop_3.jpg,AD-791*HS*
01697_crop_1.jpg,AD-1*06*GR
01382_crop_1.jpg,AD-866**NM
00439_crop_1.jpg,AN-414**NC
00069_crop_1.jpg,AD-*343*SS
01551_crop_1.jpg,AD-579**DR
01101_crop_1.jpg,ED-R22*2B*V
00710_crop_1.jpg,AD-437*LR*
00655_crop_1.jpg,AD-393**MN
00655_crop_2.jpg,AD-1*60*NN
00655_crop_3.jpg,AD-34*7*XB
01947_crop_1.jpg,AD-06*0*DC
01044_crop_1.jpg,AD-*350GL*
01681_crop_1.jpg,AD-218*G*V
00090_crop_1.jpg,AD-0*21*HY
00585_crop_1.jpg,AD-71*6*MC
01394_crop_1.jpg,AD-5*99G*J
01052_crop_1.jpg,AD-*028*GS
01052_crop_2.jpg,AD-85*2KN*
01402_crop_1.jpg,AD-62*0H*D
00643_crop_1.jpg,AD-78*2BJ*
00643_crop_2.jpg,AD-222**WM
00643_crop_3.jpg,AD-298*L*L
00213_crop_1.jpg,AD-2*28L*L
00497_crop_1.jpg,AN-TO747*A*
01286_crop_1.jpg,AD-21*6*DR
01269_crop_1.jpg,AD-22*2GP*
00881_crop_1.jpg,AD-333**RP
01639_crop_1.jpg,AD-96*7*YR
01639_crop_2.jpg,AD-896*BT*
00182_crop_1.jpg,AD-66*2*WN
00028_crop_1.jpg,AD-1*15*GX
01140_crop_1.jpg,AD-5*95*KY
00301_crop_1.jpg,AN-76*4B*Z
00244_crop_1.jpg,AD-88*8*FK
01906_crop_1.jpg,AD-TO901*A*
00614_crop_1.jpg,AD-91*9*RD
00614_crop_2.jpg,AD-9*93*PT
00614_crop_3.jpg,AD-42*4FS*
01455_crop_1.jpg,AD-45*3HP*
01212_crop_1.jpg,AD-23*6*FY
01642_crop_1.jpg,AD-70*6LR*
00950_crop_1.jpg,AN-*065*MK
00053_crop_1.jpg,AD-15*8*CJ
00053_crop_2.jpg,AD-24*2*BV
00053_crop_3.jpg,AD-27*1K*K
00546_crop_1.jpg,AD-275*KW*
00116_crop_1.jpg,AD-467*BS*
01357_crop_1.jpg,AD-*119*XZ
00815_crop_1.jpg,BD-99*8*PX
01091_crop_1.jpg,AD-0*88K*W
00680_crop_1.jpg,AD-664*KJ*
00680_crop_2.jpg,AD-55*4*CN
00680_crop_3.jpg,AD-99*1*NW
00680_crop_4.jpg,AD-7*15*SZ
00680_crop_5.jpg,AD-66*1*FW
01838_crop_1.jpg,AD-988**JN
00907_crop_1.jpg,AD-46*5*MW
01300_crop_1.jpg,AD-96*3KW*
01029_crop_1.jpg,AD-80*3*DL
01183_crop_1.jpg,AD-71*0K*K
01880_crop_1.jpg,AD-*615*JW
00287_crop_1.jpg,AD-609*CN*
01253_crop_1.jpg,AD-05*5*MX
00442_crop_1.jpg,AN-661**NK
00012_crop_1.jpg,AN-M5*73X*
00507_crop_1.jpg,AN-45*1*HH
00507_crop_2.jpg,AN-*444*WG
00157_crop_1.jpg,AD-5*15*NV
01316_crop_1.jpg,AD-4*66*JZ
00854_crop_1.jpg,AD-22*2K*M
00854_crop_2.jpg,AD-1*36*KZ
00784_crop_1.jpg,AD-73*3L*R
01195_crop_1.jpg,AD-00*2*NB
01480_crop_1.jpg,AD-*356*VB
00291_crop_1.jpg,AD-761*KZ*
00045_crop_1.jpg,AD-550*K*J
00946_crop_1.jpg,AN-89*7*MC
01654_crop_1.jpg,AD-62*3*JN
01654_crop_2.jpg,AD-*799*RR
01204_crop_1.jpg,AD-*433*SN
00803_crop_1.jpg,AD-M34*4Y*
00100_crop_1.jpg,AD-5*44*GX
00100_crop_2.jpg,AD-70*0*JM
00100_crop_3.jpg,AD-2*85B*R
01592_crop_1.jpg,AD-753*KX*
01087_crop_1.jpg,AD-7*37KT*
01087_crop_2.jpg,AD-12*3*YZ
01786_crop_1.jpg,AD-00*1BN*
00894_crop_1.jpg,AD-542*L*K
00178_crop_1.jpg,AD-4*02*YD
00178_crop_2.jpg,AD-72*7FF*
00178_crop_3.jpg,AD-65*3JH*
00482_crop_1.jpg,AN-24*2*SX
01293_crop_1.jpg,AD-028*GZ*
01293_crop_2.jpg,AD-*296*XR
01913_crop_1.jpg,AD-8*41BB*
00601_crop_1.jpg,AD-M47*2V*
01010_crop_1.jpg,AD-702**SH
01505_crop_1.jpg,AD-794*L*L
00314_crop_1.jpg,AD-90*7*FX
00590_crop_1.jpg,AD-10*7*FT
00969_crop_1.jpg,AN-93*0HZ*
01381_crop_1.jpg,AD-955*KZ*
01381_crop_2.jpg,AD-264**DT
01694_crop_1.jpg,AD-18*4*LW
00986_crop_1.jpg,AD-0*79LV*
00986_crop_2.jpg,AD-*914*BT
00085_crop_1.jpg,AD-879**BG
01047_crop_1.jpg,AD-M2*22*L
01047_crop_2.jpg,AD-82*8LM*
01944_crop_1.jpg,AD-07*6FD*
00343_crop_1.jpg,AD-6*59D*D
00713_crop_1.jpg,AD-*638*SN
00713_crop_2.jpg,AD-78*2*PT
01102_crop_1.jpg,AD-778*DV*
01397_crop_1.jpg,AD-828**BW
01397_crop_2.jpg,AD-687**VZ
00569_crop_1.jpg,AD-176*H*H
01728_crop_1.jpg,AD-314**YN
01378_crop_1.jpg,AD-58*4*BR
01378_crop_2.jpg,AD-264**DT
00640_crop_1.jpg,AD-86*3*DS
00640_crop_2.jpg,AD-*001FC*
00640_crop_3.jpg,AD-33*6*RZ
00640_crop_4.jpg,AD-84*4F*H
01952_crop_1.jpg,AD-769**BH
00210_crop_1.jpg,AD-321**CH
01051_crop_1.jpg,AD-383**JS
01051_crop_2.jpg,AD-032**JG
01114_crop_1.jpg,AD-42*2*TV
00705_crop_1.jpg,AD-*038LR*
00355_crop_1.jpg,AN-*551G*N
00882_crop_1.jpg,AD-55*5L*M
01790_crop_1.jpg,AD-1*35*RC
00928_crop_1.jpg,AD-935**HP
01285_crop_1.jpg,AD-78*1HY*
01456_crop_1.jpg,AD-64*4*RT
01006_crop_1.jpg,AD-594**CK
01905_crop_1.jpg,AN-70*8*RC
00752_crop_1.jpg,AD-79*4HG*
01840_crop_1.jpg,AD-44*4*NH
01354_crop_1.jpg,AD-220*L*V
01704_crop_1.jpg,AD-29*8*MN
00545_crop_1.jpg,AD-96*8LN*
00545_crop_2.jpg,AD-036*DR*
00115_crop_1.jpg,AD-64*9C*K
00400_crop_1.jpg,AN-086**HV
00050_crop_1.jpg,AD-0*04*YN
00953_crop_1.jpg,AN-687*HF*
00379_crop_1.jpg,AN-14*1*JG
00729_crop_1.jpg,AN-74*1F*G
01568_crop_1.jpg,AD-4*08JG*
01092_crop_1.jpg,AD-374**FX
01092_crop_2.jpg,AD-9*09*SM
01092_crop_3.jpg,AD-661**BZ
01587_crop_1.jpg,AD-*593C*M
00396_crop_1.jpg,AN-7*28*GX
00142_crop_1.jpg,AD-90*2B*R
01753_crop_1.jpg,AD-842**BN
01303_crop_1.jpg,AD-35*9*PY
01246_crop_1.jpg,AD-22*5L*S
00457_crop_1.jpg,AN-797**PR
00284_crop_1.jpg,AD-23*6*BP
01929_crop_1.jpg,AD-399*J*H
01180_crop_1.jpg,AD-3*99*GW
01315_crop_1.jpg,AD-66*4LV*
00504_crop_1.jpg,AN-0*21*MP
00504_crop_2.jpg,AN-65*6K*M
00154_crop_1.jpg,AD-M1*57P*
00154_crop_2.jpg,AD-3*39H*S
00154_crop_3.jpg,AD-48*2LK*
00011_crop_1.jpg,BN-695*B*D
01250_crop_1.jpg,AD-95*0*NX
01600_crop_1.jpg,AD-04*1LN*
00912_crop_1.jpg,AD-50*2C*C
00338_crop_1.jpg,AN-42*0*DZ
00768_crop_1.jpg,AD-220**MZ
00292_crop_1.jpg,AN-8*09JZ*
01179_crop_1.jpg,AD-03*9*CD
01483_crop_1.jpg,AD-3*00*FV
01196_crop_1.jpg,AD-420**XJ
01895_crop_1.jpg,AD-59*8*GG
00787_crop_1.jpg,DD-009*L*K
01712_crop_1.jpg,AD-9*18*WV
00800_crop_1.jpg,AD-11*0*CF
01342_crop_1.jpg,AD-822*HP*
01657_crop_1.jpg,AD-51*0F*F
00945_crop_1.jpg,AN-033**ZM
01207_crop_1.jpg,AD-653*H*C
00046_crop_1.jpg,AD-599**DS
00416_crop_1.jpg,AN-158**WZ
00416_crop_2.jpg,AN-67*7*BT
01084_crop_1.jpg,AD-90*4*TJ
01084_crop_2.jpg,AD-861**FM
00695_crop_1.jpg,AD-68*3JT*
00695_crop_2.jpg,AD-35*1G*V
01968_crop_1.jpg,AD-M605*T*
00380_crop_1.jpg,AN-789*F*X
00318_crop_1.jpg,AD-50*3*MV
00748_crop_1.jpg,AD-394*FB*
01509_crop_1.jpg,AD-230**GD
01159_crop_1.jpg,AD-475**MS
01159_crop_2.jpg,AD-095*G*B
00461_crop_1.jpg,AN-57*2*VG
00031_crop_1.jpg,AD-4*83*PB
00031_crop_2.jpg,AD-335*L*P
01620_crop_1.jpg,AD-635**DM
00932_crop_1.jpg,AD-774**YZ
01765_crop_1.jpg,AD-9*04HW*
00877_crop_1.jpg,AD-53*7*KR
00877_crop_2.jpg,AD-88*8*BW
00524_crop_1.jpg,AN-94*9F*C
00174_crop_1.jpg,AD-814*FP*
00174_crop_2.jpg,AD-294**ZP
00174_crop_3.jpg,AD-395**TX
01948_crop_1.jpg,AD-33*6*FT
00965_crop_1.jpg,AN-*393*TG
00066_crop_1.jpg,AD-982*JZ*
00436_crop_1.jpg,AN-91*0C*D
00436_crop_2.jpg,AN-2*78G*Z
00820_crop_1.jpg,AD-7*22CM*
01362_crop_1.jpg,AD-6*03*FZ
01698_crop_1.jpg,AD-44*4*GG
00359_crop_1.jpg,AD-856**VD
00709_crop_1.jpg,AD-*566*SM
00709_crop_2.jpg,AD-437*LR*
01548_crop_1.jpg,AD-0*38KV*
01118_crop_1.jpg,AD-751**TD
00070_crop_1.jpg,AD-05*6*BV
01231_crop_1.jpg,AD-583*L*X
00973_crop_1.jpg,AD-*066*DD
00973_crop_2.jpg,AD-*781*ZT
00973_crop_3.jpg,AD-777*F*B
00973_crop_4.jpg,AD-857**MX
01661_crop_1.jpg,AD-682**FC
00565_crop_1.jpg,AD-V19*4G*
00565_crop_2.jpg,AD-476*GT*
00565_crop_3.jpg,AD-50*2*PB
00924_crop_1.jpg,AD-29*8*NW
01266_crop_1.jpg,AD-0*37KW*
00027_crop_1.jpg,AD-86*7KT*
00162_crop_1.jpg,AD-146*F*M
00498_crop_1.jpg,AN-046**VB
00532_crop_1.jpg,AN-136**SN
00861_crop_1.jpg,AD-88*2KZ*
01773_crop_1.jpg,AD-*511KY*
01289_crop_1.jpg,AD-777**KW
01323_crop_1.jpg,AD-309**SN
01564_crop_1.jpg,AD-*531*HR
00725_crop_1.jpg,AN-431*CH*
01837_crop_1.jpg,AD-63*3*BR
01972_crop_1.jpg,AD-655**WX
00230_crop_1.jpg,AD-35*0GN*
01071_crop_1.jpg,AD-56*1B*P
00119_crop_1.jpg,AD-861**CR
00549_crop_1.jpg,AD-944**MM
00322_crop_1.jpg,AD-TO68*4A*
00772_crop_1.jpg,AD-39*3LV*
01860_crop_1.jpg,AD-58*4*ZX
00288_crop_1.jpg,AD-08*5KT*
01499_crop_1.jpg,AD-050**DT
01499_crop_2.jpg,AD-118*LN*
01476_crop_1.jpg,AD-*258KR*
00267_crop_1.jpg,AD-449*KY*
00637_crop_1.jpg,AD-539**WS
01925_crop_1.jpg,AD-38*8*PF
01175_crop_1.jpg,AD-195*L*P
00334_crop_1.jpg,AD-835**FD
01933_crop_1.jpg,AD-0*86L*R
00621_crop_1.jpg,AD-843*DY*
00621_crop_2.jpg,AD-*015*RT
00621_crop_3.jpg,AD-6*43*VS
00621_crop_4.jpg,AD-2*05*RP
00271_crop_1.jpg,AD-80*9*YM
01899_crop_1.jpg,AD-39*7J*H
01030_crop_1.jpg,AD-056**WZ
01749_crop_1.jpg,AD-52*2*MX
00699_crop_1.jpg,AD-409**WX
00733_crop_1.jpg,AN-70*1*XZ
01572_crop_1.jpg,AD-27*5*SY
01088_crop_1.jpg,AD-68*1*RD
01088_crop_2.jpg,AD-99*0LP*
01067_crop_1.jpg,AD-056*BW*
00226_crop_1.jpg,AD-35*1*WW
01964_crop_1.jpg,BD-655**NF
00676_crop_1.jpg,AD-0*40FY*
00676_crop_2.jpg,AD-734*CB*
00676_crop_3.jpg,AD-13*8FZ*
00676_crop_4.jpg,AD-*864*GG
00676_crop_5.jpg,AD-7*00*FR
00949_crop_1.jpg,AN-11*8*JX
01820_crop_1.jpg,AD-66*2*DY
01820_crop_2.jpg,AD-367**XP
00732_crop_1.jpg,AN-181*KT*
01573_crop_1.jpg,AD-233*C*Z
01573_crop_2.jpg,AD-09*2*HH
01123_crop_1.jpg,AD-343*LV*
01066_crop_1.jpg,AD-82*8KS*
01965_crop_1.jpg,AD-843**NC
00677_crop_1.jpg,AD-7*00*FR
00677_crop_2.jpg,AD-1*19FM*
00677_crop_3.jpg,AD-317*DS*
00677_crop_4.jpg,AD-73*3JY*
00677_crop_5.jpg,AD-13*8FZ*
00677_crop_6.jpg,AD-*864*GG
01318_crop_1.jpg,AD-*095*NR
01174_crop_1.jpg,AD-08*1*HN
01524_crop_1.jpg,AD-12*3HX*
01877_crop_1.jpg,AD-832*HG*
00335_crop_1.jpg,AN-28*2*WX
00620_crop_1.jpg,AD-*015*RT
00620_crop_2.jpg,AD-6*43*VS
00620_crop_3.jpg,AD-2*05*RP
00620_crop_4.jpg,AD-16*0B*N
00909_crop_1.jpg,AD-456*LN*
00323_crop_1.jpg,AD-09*7*TY
01861_crop_1.jpg,AD-579*K*T
00289_crop_1.jpg,AD-34*3CR*
01532_crop_1.jpg,AD-VA587*A*
01162_crop_1.jpg,AD-82*8LM*
01498_crop_1.jpg,AD-7*13*LL
01498_crop_2.jpg,AD-118*LN*
01027_crop_1.jpg,AD-721*H*M
00636_crop_1.jpg,AD-737*HY*
00118_crop_1.jpg,AD-0*56CZ*
00548_crop_1.jpg,AD-60*7*VV
01359_crop_1.jpg,AD-1*01D*X
01135_crop_1.jpg,AD-84*1LR*
01836_crop_1.jpg,AD-3*05*HH
00661_crop_1.jpg,AD-59*2*WT
00661_crop_2.jpg,AD-*853CZ*
01973_crop_1.jpg,AD-8*87*MW
01420_crop_1.jpg,AD-44*8KP*
00925_crop_1.jpg,AD-42*4L*J
00925_crop_2.jpg,AD-*833*BT
00026_crop_1.jpg,AD-24*0JV*
00026_crop_2.jpg,AD-496**TM
00476_crop_1.jpg,AN-6*15*CM
00476_crop_2.jpg,AN-737**YN
00163_crop_1.jpg,AD-87*7*XM
00499_crop_1.jpg,AN-7*16KN*
01908_crop_1.jpg,AD-528*HZ*
01230_crop_1.jpg,AD-*755KN*
00972_crop_1.jpg,AN-29*5*TD
01375_crop_1.jpg,AD-53*6KX*
00837_crop_1.jpg,AD-2*66*CC
00837_crop_2.jpg,AD-08*6*TW
01725_crop_1.jpg,AD-71*1GF*
00564_crop_1.jpg,AD-308**FT
00564_crop_2.jpg,AD-V19*4G*
00564_crop_3.jpg,AD-476*GT*
00564_crop_4.jpg,AD-50*2*PB
00134_crop_1.jpg,AD-54*8*GC
00708_crop_1.jpg,AD-359*GZ*
01549_crop_1.jpg,AD-28*7*FZ
01119_crop_1.jpg,AD-574**HF
00964_crop_1.jpg,AN-316*LT*
01226_crop_1.jpg,AD-*018C*C
00437_crop_1.jpg,AN-6*53HS*
00572_crop_1.jpg,AD-0*82JY*
01733_crop_1.jpg,AD-1*25JY*
00821_crop_1.jpg,DD-*111LS*
00460_crop_1.jpg,AN-7*82*DF
00460_crop_2.jpg,AN-469*KT*
00030_crop_1.jpg,AD-0*10*LV
00030_crop_2.jpg,AD-274**KC
00030_crop_3.jpg,AD-*897JY*
00030_crop_4.jpg,AD-433**NP
00933_crop_1.jpg,AD-48*8*FD
01764_crop_1.jpg,AD-682**MM
00876_crop_1.jpg,AD-41*0*GS
00525_crop_1.jpg,AN-39*3GZ*
00175_crop_1.jpg,AD-395**TX
00175_crop_2.jpg,AD-9*08*TW
00319_crop_1.jpg,AN-344**VD
01158_crop_1.jpg,AD-475**MS
01158_crop_2.jpg,AD-55*9*MC
01085_crop_1.jpg,AD-751**VB
01085_crop_2.jpg,AD-18*7*NP
01085_crop_3.jpg,AD-44*5*YM
00381_crop_1.jpg,AN-0*81LP*
01590_crop_1.jpg,AD-*585LS*
00102_crop_1.jpg,AD-*769F*Y
00552_crop_1.jpg,AD-463*DT*
01713_crop_1.jpg,AD-32*3*PX
00801_crop_1.jpg,AD-M34*4Y*
00801_crop_2.jpg,AD-0*06*CT
01656_crop_1.jpg,AD-293*KY*
00944_crop_1.jpg,AN-89*7*MC
00944_crop_2.jpg,AN-7*28GX*
00047_crop_1.jpg,AD-188*J*M
00339_crop_1.jpg,AN-263*HT*
00769_crop_1.jpg,AD-220**MZ
01178_crop_1.jpg,AD-82*2*FM
01197_crop_1.jpg,AD-234**RN
01314_crop_1.jpg,AD-66*4LV*
00856_crop_1.jpg,AD-1*36*KZ
00010_crop_1.jpg,AN-6*14*BM
01601_crop_1.jpg,AD-5*79*NP
00913_crop_1.jpg,AD-75*7G*T
00285_crop_1.jpg,AD-280**DV
01928_crop_1.jpg,AD-37*6*RR
00790_crop_1.jpg,AD-785*H*B
01882_crop_1.jpg,AD-539**YY
01181_crop_1.jpg,AD-95*5*CF
00840_crop_1.jpg,AD-582*J*J
00840_crop_2.jpg,AD-16*5KS*
01302_crop_1.jpg,AD-33*3LV*
01302_crop_2.jpg,AD-46*5LP*
00905_crop_1.jpg,AD-2*34KY*
01247_crop_1.jpg,AD-75*6*MP
00006_crop_1.jpg,AN-191*LJ*
00006_crop_2.jpg,AN-3*24*HW
00456_crop_1.jpg,AN-423*CT*
00378_crop_1.jpg,BN-237**ND
00378_crop_2.jpg,BN-01*6H*J
00728_crop_1.jpg,AN-277*B*Z
01139_crop_1.jpg,AD-433**PY
00397_crop_1.jpg,AN-9*89KZ*
00397_crop_2.jpg,AN-812*KZ*
01355_crop_1.jpg,AD-456**HV
01705_crop_1.jpg,AD-151**JW
00544_crop_1.jpg,AN-06*4CT*
00114_crop_1.jpg,AD-116*C*J
00114_crop_2.jpg,AD-M*429P*
00401_crop_1.jpg,AN-10*2*DL
01210_crop_1.jpg,AD-221*G*L
00952_crop_1.jpg,AN-784**KB
01640_crop_1.jpg,AD-09*6LR*
01007_crop_1.jpg,AD-929**DG
01007_crop_2.jpg,AD-342*KN*
00246_crop_1.jpg,AD-799*HG*
00246_crop_2.jpg,AD-76*1*WX
00616_crop_1.jpg,AD-66*2*WN
00616_crop_2.jpg,AD-72*9G*B
00303_crop_1.jpg,AN-509*G*N
00753_crop_1.jpg,AD-83*0BV*
00753_crop_2.jpg,AD-17*5*BF
01284_crop_1.jpg,AD-60*7F*D
01953_crop_1.jpg,AD-0*02*SV
01400_crop_1.jpg,AD-7*00LR*
01115_crop_1.jpg,AD-52*5*NX
01545_crop_1.jpg,AD-332*JM*
01545_crop_2.jpg,AD-8*77*BC
00704_crop_1.jpg,AD-VA619*A*
00704_crop_2.jpg,AD-48*2*SM
01816_crop_1.jpg,AD-712*LS*
00354_crop_1.jpg,AN-69*1*SR
01396_crop_1.jpg,AD-2*91*SH
00587_crop_1.jpg,AD-702**MD
00587_crop_2.jpg,AD-031*FW*
00587_crop_3.jpg,AD-89*1*RZ
00587_crop_4.jpg,AD-705**TZ
00587_crop_5.jpg,AD-698**SW
00138_crop_1.jpg,AD-6*65*DV
00138_crop_2.jpg,AD-3*25*GP
00568_crop_1.jpg,AD-444**DD
00092_crop_1.jpg,AD-22*7*CL
00092_crop_2.jpg,AD-0*66*RF
01729_crop_1.jpg,AD-68*4KT*
01046_crop_1.jpg,AD-0*23*WM
00657_crop_1.jpg,AD-93*0*WN
00342_crop_1.jpg,AD-*744*FM
00342_crop_2.jpg,AD-6*59D*D
00712_crop_1.jpg,AD-*638*SN
00712_crop_2.jpg,AD-799*KZ*
01553_crop_1.jpg,AD-93*7*JM
01103_crop_1.jpg,AD-943**SC
01380_crop_1.jpg,AD-8*53LM*
01380_crop_2.jpg,AD-264**DT
00987_crop_1.jpg,AD-04*6*MT
00084_crop_1.jpg,AD-*508F*J
01912_crop_1.jpg,AD-6*47*NT
00250_crop_1.jpg,AD-4*41FX*
01011_crop_1.jpg,AD-149**NW
01011_crop_2.jpg,AD-702**SH
01441_crop_1.jpg,AD-745*CS*
01504_crop_1.jpg,AD-2*12*NW
01857_crop_1.jpg,AD-*571G*S
00745_crop_1.jpg,AN-0*58*XN
00315_crop_1.jpg,AD-26*6*GG
00895_crop_1.jpg,AD-9*16*GJ
00196_crop_1.jpg,AD-91*0*SD
00179_crop_1.jpg,AD-*368CC*
00179_crop_2.jpg,AD-677**BN
00483_crop_1.jpg,AN-23*2*ZS
00483_crop_2.jpg,AN-65*9BY*
00483_crop_3.jpg,AN-81*7JW*
00529_crop_1.jpg,AN-79*7*JF
01768_crop_1.jpg,AD-569*K*Y
01292_crop_1.jpg,AD-028*GZ*
01292_crop_2.jpg,AD-*296*XR
01338_crop_1.jpg,AD-319**HC
01919_crop_1.jpg,AD-888**MZ
00934_crop_1.jpg,AD-67*7*YZ
00467_crop_1.jpg,AN-023**DB
00522_crop_1.jpg,AN-*575K*P
00172_crop_1.jpg,AD-34*4*SX
00172_crop_2.jpg,AD-471**ZN
00488_crop_1.jpg,AN-613**LZ
01299_crop_1.jpg,AD-01*6*JW
00719_crop_1.jpg,AD-2*35*FS
00719_crop_2.jpg,AD-*638*SN
00349_crop_1.jpg,AD-43*2*GD
01108_crop_1.jpg,AD-379**TR
01558_crop_1.jpg,AD-798**WV
00060_crop_1.jpg,AD-927*FS*
00430_crop_1.jpg,AN-89*0JZ*
01734_crop_1.jpg,AD-593**TR
00826_crop_1.jpg,AD-362*JW*
01364_crop_1.jpg,AD-*454*DK
00125_crop_1.jpg,AD-75*3*RR
00575_crop_1.jpg,AD-27*3DW*
00575_crop_2.jpg,AD-*379LM*
00426_crop_1.jpg,EN-R95*1B*Y
00426_crop_2.jpg,AN-3*05LM*
00563_crop_1.jpg,AD-8*24B*P
01372_crop_1.jpg,AD-6*11*JG
00830_crop_1.jpg,AD-9*38H*F
00830_crop_2.jpg,AD-362*JW*
00830_crop_3.jpg,AD-43*6K*K
00830_crop_4.jpg,AD-059**DK
00830_crop_5.jpg,AD-60*7*RZ
00758_crop_1.jpg,AD-029**DP
01149_crop_1.jpg,AD-*176*FR
00021_crop_1.jpg,AN-402*J*P
00471_crop_1.jpg,AN-356*GV*
01630_crop_1.jpg,AD-36*3*VP
01630_crop_2.jpg,AD-3*77KX*
00888_crop_1.jpg,AD-83*9H*D
01775_crop_1.jpg,AD-52*8KY*
01325_crop_1.jpg,AD-535**RW
00164_crop_1.jpg,AD-91*9*RD
00534_crop_1.jpg,AN-4*68K*X
00723_crop_1.jpg,AD-TO901*A*
00373_crop_1.jpg,AN-769**GH
00689_crop_1.jpg,AD-86*6*TT
01132_crop_1.jpg,AD-05*0*GN
01562_crop_1.jpg,AD-5*35*TN
01098_crop_1.jpg,AD-398*B*B
00666_crop_1.jpg,AD-42*0*DZ
00959_crop_1.jpg,AN-*466HZ*
00959_crop_2.jpg,AN-326*KX*
00324_crop_1.jpg,AD-442*GR*
00774_crop_1.jpg,AD-5*25G*C
01866_crop_1.jpg,AD-618**MW
00261_crop_1.jpg,AD-*033CC*
00261_crop_2.jpg,AD-524*F*R
01889_crop_1.jpg,AD-0*38*YY
00631_crop_1.jpg,AD-91*9*RD
00631_crop_2.jpg,AD-42*4FS*
01923_crop_1.jpg,AD-676*L*M
01470_crop_1.jpg,AD-*162*GN
01020_crop_1.jpg,AD-098*JM*
01309_crop_1.jpg,AD-166*DM*
01759_crop_1.jpg,AD-0*99*RR
00332_crop_1.jpg,AD-62*3D*M
01173_crop_1.jpg,AD-710**HJ
01036_crop_1.jpg,AD-*554*MH
01935_crop_1.jpg,AD-*466CM*
00627_crop_1.jpg,AD-445**WR
00627_crop_2.jpg,AD-*868*TV
00627_crop_3.jpg,AD-*722*BB
00277_crop_1.jpg,AD-776*HP*
00277_crop_2.jpg,AD-84*9*YS
00918_crop_1.jpg,AD-6*26C*C
01124_crop_1.jpg,AD-67*2*HS
00365_crop_1.jpg,AD-532**YY
01827_crop_1.jpg,AD-641*K*G
00735_crop_1.jpg,AN-43*3*KF
00735_crop_2.jpg,AN-444**MK
00670_crop_1.jpg,AD-GI68*9*P
01431_crop_1.jpg,AD-887**CT
00559_crop_1.jpg,AD-78*0C*Z
00559_crop_2.jpg,AD-05*9*BF
00559_crop_3.jpg,AD-28*3GV*
00109_crop_1.jpg,AD-314**BW
00109_crop_2.jpg,AD-2*37DY*
00109_crop_3.jpg,AD-*019F*Y
00191_crop_1.jpg,AD-222**WM
00938_crop_1.jpg,AD-973**PP
00938_crop_2.jpg,AD-065**KJ
01780_crop_1.jpg,AD-189*KX*
00892_crop_1.jpg,AD-803*KW*
01295_crop_1.jpg,AD-65*0LN*
00484_crop_1.jpg,AN-65*9BY*
00607_crop_1.jpg,AD-*876K*X
00257_crop_1.jpg,AD-755**TT
00257_crop_2.jpg,AD-095**TB
00257_crop_3.jpg,AD-14*1*PG
01850_crop_1.jpg,AD-B*720V*
01503_crop_1.jpg,AD-45*3HP*
01387_crop_1.jpg,AD-849*C*B
01387_crop_2.jpg,AD-0*12*ND
00596_crop_1.jpg,AD-64*0*RD
01368_crop_1.jpg,AD-*418D*K
00980_crop_1.jpg,AD-85*3BR*
00980_crop_2.jpg,AD-5*21FW*
00980_crop_3.jpg,AD-853*BS*
00200_crop_1.jpg,AD-881**WZ
01041_crop_1.jpg,AD-81*0C*Y
00715_crop_1.jpg,AD-*638*SN
00715_crop_2.jpg,AD-0*13DZ*
01391_crop_1.jpg,AD-7*96LV*
00095_crop_1.jpg,AD-341*H*R
01057_crop_1.jpg,AD-*033*XV
01407_crop_1.jpg,AD-*105*FC
00646_crop_1.jpg,AD-78*2BJ*
01954_crop_1.jpg,AD-700*DZ*
00216_crop_1.jpg,AN-674**SZ
00703_crop_1.jpg,AD-513**HY
01811_crop_1.jpg,AD-1*76*MX
01112_crop_1.jpg,AD-46*1*PC
01542_crop_1.jpg,AD-M*795X*
00538_crop_1.jpg,AN-34*3LP*
00168_crop_1.jpg,AN-M257**T
00168_crop_2.jpg,AN-509*C*F
00168_crop_3.jpg,AN-89*0B*S
00168_crop_4.jpg,AN-24*1*DW
00492_crop_1.jpg,BN-*533*YC
00241_crop_1.jpg,AD-0*06*RZ
00241_crop_2.jpg,AD-723**ZD
01450_crop_1.jpg,AD-2*96*NZ
01145_crop_1.jpg,AD-041*K*B
01145_crop_2.jpg,AD-187**RN
00304_crop_1.jpg,AN-17*7*PX
00304_crop_2.jpg,AN-116*JN*
00754_crop_1.jpg,AD-69*5DR*
00754_crop_2.jpg,AD-143**YZ
00754_crop_3.jpg,AD-1*23J*M
00543_crop_1.jpg,AN-57*5*JF
00113_crop_1.jpg,AD-CA*872B*
00113_crop_2.jpg,AD-116*C*J
00113_crop_3.jpg,AD-57*8C*N
01352_crop_1.jpg,AD-871*LL*
00810_crop_1.jpg,AD-697*DY*
01702_crop_1.jpg,AD-0*18LL*
01217_crop_1.jpg,AD-42*3LV*
00955_crop_1.jpg,AN-90*9*ZS
00406_crop_1.jpg,AN-812*KZ*
00685_crop_1.jpg,AD-05*2K*K
00847_crop_1.jpg,AN-38*7*TB
01305_crop_1.jpg,AD-958**RZ
00514_crop_1.jpg,BN-6*12LS*
00001_crop_1.jpg,AN-074*C*V
00451_crop_1.jpg,AN-*007C*S
00451_crop_2.jpg,AN-06*1LL*
00902_crop_1.jpg,AD-729**ZT
01610_crop_1.jpg,AD-933*GY*
01240_crop_1.jpg,AD-3*03G*N
00778_crop_1.jpg,AD-M69*4*H
01169_crop_1.jpg,AD-44*9KY*
01539_crop_1.jpg,AD-25*8*HV
01186_crop_1.jpg,AD-M76*4Y*
00502_crop_1.jpg,AN-24*5LK*
00152_crop_1.jpg,AD-*417*HV
00152_crop_2.jpg,AD-64*3*VP
00152_crop_3.jpg,AD-45*9*SS
01313_crop_1.jpg,AD-*797*HP
01313_crop_2.jpg,AD-959**BB
01313_crop_3.jpg,AD-56*1*KS
00851_crop_1.jpg,AD-12*2J*J
00851_crop_2.jpg,AD-078*LM*
01256_crop_1.jpg,AD-05*6DZ*
00914_crop_1.jpg,AD-1*81H*B
00017_crop_1.jpg,AN-64*5*GZ
01893_crop_1.jpg,AD-603*JP*
00781_crop_1.jpg,AD-666*K*K
01939_crop_1.jpg,AD-23*3*CD
00105_crop_1.jpg,AD-*040*NX
00040_crop_1.jpg,AD-36*7LV*
00410_crop_1.jpg,AN-36*8H*D
00943_crop_1.jpg,AN-621**RM
00739_crop_1.jpg,AN-459**VV
00693_crop_1.jpg,AD-*444F*F
00738_crop_1.jpg,AN-5*34*CT
00738_crop_2.jpg,AN-85*3D*R
00738_crop_3.jpg,AN-459**VV
00368_crop_1.jpg,AN-4*42KS*
00692_crop_1.jpg,AD-566**XN
01129_crop_1.jpg,AD-8*15*VY
00387_crop_1.jpg,AN-0*00JZ*
01715_crop_1.jpg,AD-*252*ZR
00807_crop_1.jpg,AD-*099*WD
00041_crop_1.jpg,AD-544**ZR
00411_crop_1.jpg,AN-67*4*ZX
00942_crop_1.jpg,AD-36*7*GT
01484_crop_1.jpg,AD-*134F*F
00295_crop_1.jpg,AD-731*BC*
00780_crop_1.jpg,AD-392*G*X
01938_crop_1.jpg,AD-24*3*BX
00503_crop_1.jpg,AN-M817**X
01312_crop_1.jpg,AD-25*5*DR
01257_crop_1.jpg,AD-914**BD
00446_crop_1.jpg,AN-68*1*WR
00283_crop_1.jpg,AD-0*66HR*
00283_crop_2.jpg,AD-06*3KW*
00329_crop_1.jpg,AD-*383F*Y
01538_crop_1.jpg,AD-141**NV
00846_crop_1.jpg,AD-006*GY*
00846_crop_2.jpg,AD-*774FV*
01754_crop_1.jpg,AD-91*9*BT
01304_crop_1.jpg,AD-479**WN
01304_crop_2.jpg,AD-68*8*BM
00515_crop_1.jpg,AN-*982K*J
01611_crop_1.jpg,AD-797*CB*
01095_crop_1.jpg,AD-588*JX*
00684_crop_1.jpg,AD-53*3*DR
00391_crop_1.jpg,AN-637**SY
00391_crop_2.jpg,AN-*038D*W
00542_crop_1.jpg,AN-62*9K*K
00811_crop_1.jpg,BD-34*3F*D
01703_crop_1.jpg,AD-707*KT*
01216_crop_1.jpg,AD-512**JY
00954_crop_1.jpg,AN-75*3K*D
00057_crop_1.jpg,AD-44*1*XZ
01451_crop_1.jpg,AD-762**FH
01001_crop_1.jpg,AD-62*0HD*
01514_crop_1.jpg,AD-3*84H*H
01144_crop_1.jpg,BD-98*1G*W
00305_crop_1.jpg,AN-*564FF*
00755_crop_1.jpg,AD-1*23J*M
00755_crop_2.jpg,AD-33*0*FM
01847_crop_1.jpg,AD-039**NS
00885_crop_1.jpg,AD-194**SS
00885_crop_2.jpg,AD-*798*WV
01797_crop_1.jpg,AD-993*HT*
00539_crop_1.jpg,AN-54*2F*D
00493_crop_1.jpg,BN-242**JS
01328_crop_1.jpg,AD-304*J*V
01778_crop_1.jpg,AD-16*8*VW
01282_crop_1.jpg,AD-96*8*MJ
01056_crop_1.jpg,AD-*999JW*
00647_crop_1.jpg,AD-214*LT*
00647_crop_2.jpg,AD-*985C*N
01955_crop_1.jpg,AD-80*2KS*
00702_crop_1.jpg,AD-034**MN
00352_crop_1.jpg,AD-29*3*XX
00352_crop_2.jpg,AD-44*3*PY
01543_crop_1.jpg,AD-M*795X*
01543_crop_2.jpg,AD-92*9HY*
00581_crop_1.jpg,AD-631*F*B
01390_crop_1.jpg,AD-92*9*VX
00997_crop_1.jpg,CD-C5*48BS*
00094_crop_1.jpg,AD-*577*GH
01943_crop_1.jpg,AD-37*3KY*
00651_crop_1.jpg,AD-89*9H*V
00651_crop_2.jpg,AD-M6*18P*
00651_crop_3.jpg,AD-*351*RY
00651_crop_4.jpg,AD-68*3*WZ
01410_crop_1.jpg,AD-74*9H*R
01555_crop_1.jpg,AD-18*7*DR
01105_crop_1.jpg,AD-346**WN
01806_crop_1.jpg,AD-0*09DH*
00714_crop_1.jpg,AD-*638*SN
00714_crop_2.jpg,AD-0*56*FY
01386_crop_1.jpg,AD-27*3*GM
01386_crop_2.jpg,AD-625**LM
00597_crop_1.jpg,AD-97*1*CT
01369_crop_1.jpg,AD-31*8*FS
00981_crop_1.jpg,AD-58*3*WB
01017_crop_1.jpg,AD-M*486Y*
01851_crop_1.jpg,AD-4*04*TX
00743_crop_1.jpg,AN-6*93*ZN
01152_crop_1.jpg,AD-947*L*L
01502_crop_1.jpg,AD-290*J*B
00190_crop_1.jpg,AD-03*4*FN
00939_crop_1.jpg,AD-422**NF
01781_crop_1.jpg,AD-82*1DV*
01294_crop_1.jpg,AD-*977J*W
00485_crop_1.jpg,AN-*689CX*
00558_crop_1.jpg,AD-05*9*BF
00558_crop_2.jpg,AD-28*3GV*
00558_crop_3.jpg,AD-98*6G*T
00558_crop_4.jpg,AD-*958DD*
01349_crop_1.jpg,AD-564**JR
01575_crop_1.jpg,AD-70*1*CR
00364_crop_1.jpg,AD-14*5LJ*
00734_crop_1.jpg,AN-24*5J*L
00671_crop_1.jpg,AD-M2*10K*
01430_crop_1.jpg,AD-398*F*X
01430_crop_2.jpg,AD-897**JM
00919_crop_1.jpg,AD-*187J*Y
00299_crop_1.jpg,AD-34*8C*B
01522_crop_1.jpg,AD-*531*HR
01037_crop_1.jpg,AD-216**JG
01467_crop_1.jpg,AD-941**BB
00276_crop_1.jpg,AD-51*3BR*
00519_crop_1.jpg,AN-348*BZ*
01308_crop_1.jpg,AD-140*G*M
01534_crop_1.jpg,AD-*385*RX
01164_crop_1.jpg,AD-8*22*FS
00325_crop_1.jpg,AN-006*H*Y
00260_crop_1.jpg,AD-3*20D*D
00260_crop_2.jpg,AD-*033CC*
00260_crop_3.jpg,AD-394**FL
01888_crop_1.jpg,AN-33*0*FH
00630_crop_1.jpg,AD-726*G*B
00630_crop_2.jpg,AD-M999*X*
00630_crop_3.jpg,AD-5*75*DM
01922_crop_1.jpg,AD-437**DL
01471_crop_1.jpg,AD-9*38CZ*
01021_crop_1.jpg,AD-02*7L*P
01021_crop_2.jpg,AD-20*9*KZ
01830_crop_1.jpg,AD-2*20*HH
00372_crop_1.jpg,AN-*002*XZ
01099_crop_1.jpg,AD-68*6J*P
01076_crop_1.jpg,AD-28*1F*R
01076_crop_2.jpg,AD-37*6*WV
01076_crop_3.jpg,AD-99*8*NN
01076_crop_4.jpg,AD-19*8GB*
01426_crop_1.jpg,AD-6*26*FC
00667_crop_1.jpg,AD-0*09KX*
00667_crop_2.jpg,AD-040*C*P
00020_crop_1.jpg,AN-16*9*PZ
00470_crop_1.jpg,AN-40*1*BX
01631_crop_1.jpg,AD-093*HW*
01631_crop_2.jpg,AD-1*18HV*
01261_crop_1.jpg,AD-58*4GZ*
00889_crop_1.jpg,AD-005**GH
00866_crop_1.jpg,AD-*732*DB
01774_crop_1.jpg,AD-*153KZ*
01324_crop_1.jpg,AD-22*2*CD
00165_crop_1.jpg,AN-16*0B*N
00165_crop_2.jpg,AN-12*3GJ*
00535_crop_1.jpg,AN-*515GC*
00759_crop_1.jpg,AD-068*LP*
00759_crop_2.jpg,AD-33*0*RJ
00309_crop_1.jpg,AN-19*4*WH
00309_crop_2.jpg,AN-285*F*J
00974_crop_1.jpg,AD-857**MX
00974_crop_2.jpg,AD-777*F*B
00974_crop_3.jpg,AD-*781*ZT
00974_crop_4.jpg,AD-21*0*CX
01666_crop_1.jpg,AD-9*31*GT
01666_crop_2.jpg,AD-*062*XM
00427_crop_1.jpg,AN-6*64*CB
00562_crop_1.jpg,AD-477**HX
00098_crop_1.jpg,AD-*338*TF
01373_crop_1.jpg,AD-*443*RX
01373_crop_2.jpg,AD-821**MG
01959_crop_1.jpg,AD-579*D*H
00061_crop_1.jpg,AD-5*13*BR
00431_crop_1.jpg,AN-77*2D*X
00962_crop_1.jpg,AN-67*5J*S
01365_crop_1.jpg,AD-*451D*L
00124_crop_1.jpg,AD-43*5C*V
00574_crop_1.jpg,AD-49*3*YS
00718_crop_1.jpg,AD-*638*SN
00718_crop_2.jpg,AD-M49*9*V
01109_crop_1.jpg,AD-828**TY
01559_crop_1.jpg,AD-116**XT
01277_crop_1.jpg,AD-67*9*BC
01627_crop_1.jpg,AN-53*3C*M
00466_crop_1.jpg,BN-0*31KS*
00036_crop_1.jpg,AD-87*2*GT
00489_crop_1.jpg,BN-9*63*GJ
01332_crop_1.jpg,AD-20*0*CP
01298_crop_1.jpg,AD-877**FN
01298_crop_2.jpg,AD-205*H*R
